id,user_id,title,description,status,video_data,category_id,thumbnail,created_at,updated_at,published_at,views,rating_sum,rating_count
k3Xp9Qm2AbNv,<USER_ID>,Storm at the Window,"An evening downpour heard from indoors, with distant thunder rolling in.",published,"[{""videoId"":""Cmy9Y29punQ"",""startTime"":9,""endTime"":159,""volume"":25,""playbackSpeed"":1},{""videoId"":""pjCr7cnyFgw"",""startTime"":0,""endTime"":255,""volume"":55,""playbackSpeed"":1},{""videoId"":""zc1E1C_zluw"",""startTime"":0,""endTime"":130,""volume"":25,""playbackSpeed"":1}]",610,https://img.youtube.com//vi/Cmy9Y29punQ/mqdefault.jpg,<DATE>,<DATE>,<DATE>,8,0,0
H7wLcYr4Ps8T,<USER_ID>,Under the Canopy,"Heavy rain through the forest canopy, dripping from every leaf.",published,"[{""videoId"":""GerhLC7gDYo"",""startTime"":180,""endTime"":240,""volume"":100,""playbackSpeed"":1},{""videoId"":""0Anc5tV7Y7M"",""startTime"":125,""endTime"":170,""volume"":90,""playbackSpeed"":1},{""videoId"":""XZi2c6RsEr0"",""startTime"":140,""endTime"":240,""volume"":60,""playbackSpeed"":1}]",610,https://img.youtube.com//vi/GerhLC7gDYo/mqdefault.jpg,<DATE>,<DATE>,<DATE>,12,0,0
nB2gK5xFd_qE,<USER_ID>,Rain on the Roof,"A steady rain drumming on shingles, gutters running full.",published,"[{""videoId"":""WJ_oOfEuUBE"",""startTime"":89,""endTime"":108,""volume"":80,""playbackSpeed"":1},{""videoId"":""SEZ5SuQQVAI"",""startTime"":21,""endTime"":201,""volume"":60,""playbackSpeed"":1},{""videoId"":""TWWKbnSs66k"",""startTime"":12,""endTime"":125,""volume"":20,""playbackSpeed"":1}]",610,https://img.youtube.com//vi/WJ_oOfEuUBE/mqdefault.jpg,<DATE>,<DATE>,<DATE>,7,0,0
V9jMs6RhTx4W,<USER_ID>,Streetlights in the Rain,"Rain on city pavement, cars passing through puddles.",published,"[{""videoId"":""FNewKnxyJ6c"",""startTime"":20,""endTime"":60,""volume"":90,""playbackSpeed"":1},{""videoId"":""ejCxMwHKan0"",""startTime"":0,""endTime"":145,""volume"":50,""playbackSpeed"":1},{""videoId"":""uNdSJnuZClE"",""startTime"":720,""endTime"":755,""volume"":65,""playbackSpeed"":1}]",610,https://img.youtube.com//vi/FNewKnxyJ6c/mqdefault.jpg,<DATE>,<DATE>,<DATE>,14,0,0
Zc1YpN8bGkLm,<USER_ID>,Gale Through Bare Trees,"A hard wind pushing through leafless branches, crows in the distance.",published,"[{""videoId"":""3pYDBfhxaCU"",""startTime"":6,""endTime"":45,""volume"":90,""playbackSpeed"":1},{""videoId"":""__O0RRiWcpk"",""startTime"":0,""endTime"":57,""volume"":90,""playbackSpeed"":1},{""videoId"":""dA7zF0Rdzuw"",""startTime"":3,""endTime"":28,""volume"":40,""playbackSpeed"":1}]",620,https://img.youtube.com//vi/3pYDBfhxaCU/mqdefault.jpg,<DATE>,<DATE>,<DATE>,11,0,0
f4QRt7WvUdPx,<USER_ID>,The Open Field,A soft summer wind moving through an open field.,published,"[{""videoId"":""5zDAcDXt09g"",""startTime"":0,""endTime"":227,""volume"":85,""playbackSpeed"":1},{""videoId"":""fCLSi8eNmhE"",""startTime"":3,""endTime"":37,""volume"":90,""playbackSpeed"":1},{""videoId"":""6pWQE_KOoPk"",""startTime"":0,""endTime"":108,""volume"":40,""playbackSpeed"":1}]",620,https://img.youtube.com//vi/5zDAcDXt09g/mqdefault.jpg,<DATE>,<DATE>,<DATE>,9,0,0
s6HbEy2LKnJ3,<USER_ID>,Wind at the Chimney,"Wind whistling through an old house — ticking clock, creaking wood.",published,"[{""videoId"":""0dJizOAbqYQ"",""startTime"":0,""endTime"":22,""volume"":60,""playbackSpeed"":1},{""videoId"":""xDg0_1Jl1cs"",""startTime"":5,""endTime"":54,""volume"":75,""playbackSpeed"":1},{""videoId"":""qOEdEeeanqY"",""startTime"":0,""endTime"":15,""volume"":60,""playbackSpeed"":1}]",620,https://img.youtube.com//vi/0dJizOAbqYQ/mqdefault.jpg,<DATE>,<DATE>,<DATE>,6,0,0
9AmDcWpRqXv5,<USER_ID>,Whiteout,"A blizzard, wind and swirling snow with no landmarks in sight.",published,"[{""videoId"":""zhjGRizHgUM"",""startTime"":12,""endTime"":106,""volume"":60,""playbackSpeed"":1},{""videoId"":""KDs5IJmpuOE"",""startTime"":0,""endTime"":603,""volume"":90,""playbackSpeed"":1},{""videoId"":""aqsswyXBWEo"",""startTime"":0,""endTime"":169,""volume"":65,""playbackSpeed"":1}]",630,https://img.youtube.com//vi/zhjGRizHgUM/mqdefault.jpg,<DATE>,<DATE>,<DATE>,13,0,0
T2NbGkPfLh8Y,<USER_ID>,First Tracks,"Walking through untouched snow at dusk, an owl calling in the cold.",published,"[{""videoId"":""1jbp4-3iFJ4"",""startTime"":82,""endTime"":111,""volume"":55,""playbackSpeed"":1},{""videoId"":""y6Mr01pu-0A"",""startTime"":1210,""endTime"":1261,""volume"":95,""playbackSpeed"":1}]",630,https://img.youtube.com//vi/1jbp4-3iFJ4/mqdefault.jpg,<DATE>,<DATE>,<DATE>,10,0,0
_dRj6VwBtM4S,<USER_ID>,The Silent Hour,The deep hush of a world under nighttime snowfall.,published,"[{""videoId"":""-FHaWRgUsOI"",""startTime"":5,""endTime"":24,""volume"":90,""playbackSpeed"":1},{""videoId"":""uqJ2IxNWCOs"",""startTime"":0,""endTime"":116,""volume"":25,""playbackSpeed"":1}]",630,https://img.youtube.com//vi/-FHaWRgUsOI/mqdefault.jpg,<DATE>,<DATE>,<DATE>,8,0,0