Video Description,Link,Start,Stop,Volume,Speed,Thumbnail
Rain on Window,https://www.youtube.com/watch?v=nlK811Z_96w,0,29,,,Average
Rain in Forest near Creek,https://www.youtube.com/watch?v=0Anc5tV7Y7M,125,170,90,,Excellent
Rain in Forest,https://www.youtube.com/watch?v=GerhLC7gDYo,180,240,,,Excellent
Raindrops on Leaves,https://www.youtube.com/watch?v=XZi2c6RsEr0,140,240,95,,Decent
Rain on Metal Roof,https://www.youtube.com/watch?v=SEZ5SuQQVAI,21,201,35,,Bad
Rain on Pavement,https://www.youtube.com/watch?v=FNewKnxyJ6c,20,60,90,,Good
Distant Thunder,https://www.youtube.com/watch?v=Cmy9Y29punQ,9,159,90,,Good
Light Thunder & Wind,https://www.youtube.com/watch?v=r6oOTSE2G0w,3,33,,,Bad
Rain Gutters,https://www.youtube.com/watch?v=WJ_oOfEuUBE,89,108,80,,Average
Light Urban Traffic,https://www.youtube.com/watch?v=ejCxMwHKan0,0,145,50,,Average
Rain + One Car Passing,https://www.youtube.com/watch?v=uNdSJnuZClE,720,755,,,Average
Wind Howling Field,https://www.youtube.com/watch?v=Hc6_l8qk2JU,1,57,,,Good
Winter Creaking Forest,https://www.youtube.com/watch?v=3pYDBfhxaCU,6,45,90,,Excellent
Windy Forest Great,https://www.youtube.com/watch?v=agtjv6Tp5G4,0,181,80,,Good
Windy Forest Good,https://www.youtube.com/watch?v=TWWKbnSs66k,12,125,,,Bad
Wind Storm,https://www.youtube.com/watch?v=__O0RRiWcpk,0,57,90,,Bad
Howling Wind Cold,https://www.youtube.com/watch?v=aqsswyXBWEo,0,169,85,,Bad
Soft Wind in Grass,https://www.youtube.com/watch?v=fCLSi8eNmhE,3,37,90,,Average
Canyon / Whistling Wind,https://www.youtube.com/watch?v=xDg0_1Jl1cs,5,54,90,,Bad
Bamboo Trees Creaking Wind,https://www.youtube.com/shorts/r3usaNtTx5g,0,33,60,,Excellent
Trees Creaking Wind,https://www.youtube.com/watch?v=4g6r1YZrvKA,12,29,,,Good
Creaking Wood Periodic,https://www.youtube.com/watch?v=qOEdEeeanqY,0,15,78,,Bad
Wind & Crows,https://www.youtube.com/watch?v=dA7zF0Rdzuw,3,28,90,,Bad
"Loud Wind, Crows, Other Chirps",https://www.youtube.com/watch?v=JnDRHDoOsEw,63,192,95,,Good
Cold Wind & Owl Hooting,https://www.youtube.com/watch?v=1jbp4-3iFJ4,82,111,,,Excellent
Grandfather Clock,https://www.youtube.com/watch?v=0dJizOAbqYQ,0,22,91,,Average
Soft Antique Clock,https://www.youtube.com/watch?v=fMTqbHncOwE,0,66,86,,Bad
Scary Echoing Clock,https://www.youtube.com/watch?v=KwGNDJfSmFk,6,26,75,0.95,Bad
"Snow Falls Off Roof, Creaking",https://www.youtube.com/watch?v=zhjGRizHgUM,12,106,95,,Excellent
Walking in Snow + Wind,https://www.youtube.com/watch?v=y6Mr01pu-0A,1210,1261,,,Bad
Great Snowstorm,https://www.youtube.com/watch?v=KDs5IJmpuOE,0,603,,,Good
Sleet / Hail Storm,https://www.youtube.com/watch?v=4829C0k2N40,7,44,86,,Excellent
Summer Wind Field,https://www.youtube.com/watch?v=5zDAcDXt09g,0,227,85,,Excellent
Empty Room (Somewhat Quiet),https://www.youtube.com/watch?v=8m91-gu-x8U,0,60,90,,Bad
Scary Wind Tunnel,https://www.youtube.com/watch?v=12nXOFVL208,0,23,,,Decent
Medium Room (Somewhat Loud),https://www.youtube.com/watch?v=VvK2WIQHw44,0,155,50,,Good
Quiet Room Fuzz,https://www.youtube.com/watch?v=zc1E1C_zluw,0,130,60,,Bad
Scary Deep Bell Tolling,https://www.youtube.com/watch?v=o19YuGdtvRE,1,67,95,,Average
Deep Church Bell Tolling,https://www.youtube.com/watch?v=5Vty53kgTeU,0,23,95,,Average
Creepy Choir Music,https://www.youtube.com/watch?v=1FRMWSraCfY,0,91,,,Excellent
Scary Empty Room,https://www.youtube.com/watch?v=VrfyB2gMAUg,0,120,,,Excellent
Evening Desert Oasis,https://www.youtube.com/watch?v=9WHFdQTuSCU,0,330,95,,Average
Birds & Rain,https://www.youtube.com/watch?v=z4I1d6Xibmk,0,196,,,Average
Light Wind in Canyon,https://www.youtube.com/watch?v=qopH-jimJ9I,0,150,,,Average
Rain on Window Harder,https://www.youtube.com/watch?v=pjCr7cnyFgw,0,255,40,,Bad
Birds Chirp + Light Wind,https://www.youtube.com/watch?v=6pWQE_KOoPk,0,108,40,,Bad
Water Boiling,https://www.youtube.com/watch?v=EA9JSvQ9Hf8,0,45,,,Average
Walking on Ice / Cracking,https://www.youtube.com/watch?v=T8Z-H0BONVw,142,206,97,,Bad
Walking on Leaves / Crunching,https://www.youtube.com/watch?v=q3t-IjaDhAQ,166,213,95,,Bad
Walking in Autumn Forest Full,https://www.youtube.com/watch?v=rwXrBaWZlOY,76,361,,,Excellent
Walking on Gravel in Forest,https://www.youtube.com/watch?v=XxmZxM8AtUc,46,80,65,,Bad
Walking in Forest in Rain,https://www.youtube.com/watch?v=A5WTyODWuKM,23,127,98,,Excellent
Medium Size River,https://www.youtube.com/watch?v=A5WTyODWuKM,348,410,90,,Excellent
Cars Driving By + A Few Birds,https://www.youtube.com/watch?v=DMEs6eTapNY,0,49,80,,Bad
Very Soft Room Hum,https://www.youtube.com/watch?v=uqJ2IxNWCOs,0,116,,,Bad
Slow Snow + wind,https://www.youtube.com/watch?v=-FHaWRgUsOI,5,24,,,Average
,,,,,,
,,,,,,
,,,,,,
,,,,,,
,,,,,,
,,,,,,
,,,,,,
,,,,,,
,,,,,,
,,,,,,
,,,,,,
,,,,,,
Amazon Jungle at Sunrise,https://www.youtube.com/watch?v=2Dsmsm1zsjk,3,85,,,Excellent
Cicadas,https://www.youtube.com/watch?v=Hm3C6yptE0g,134,168,75,,Bad
Cicadas Loud & Close,https://www.youtube.com/watch?v=QIMb6IvbQdo,195,287,13,,Average
Forest Insects Night,https://www.youtube.com/watch?v=67AhCpa-saQ,440,680,30,,Bad
Jungle Insects Night,https://www.youtube.com/watch?v=vYsCw1tr5z8,1468,1617,70,,Bad
Jungle Night,https://www.youtube.com/watch?v=vYsCw1tr5z8,0,346,70,,Bad
,,,,,,
,,,,,,
,,,,,,
,,,,,,
,,,,,,
Fluorescent Light / Medium Room,https://www.youtube.com/watch?v=ZE6My_FcbRU,11,133,65,,Bad
,,,,,,
Pencil Writing Paper (Quiet Room),https://www.youtube.com/watch?v=UxwqigBdibA,0,1024,,,Bad
Pencil Writing Paper (Medium Room),https://www.youtube.com/watch?v=mbVTkWs6ZL4,5,741,,,Bad
Pen Writing Paper (Quiet Room),https://www.youtube.com/watch?v=cv1B7hhF8OE,38,383,,,Bad
Close Pen Writing Paper (Quiet Room),https://www.youtube.com/watch?v=zlk6QTQSNOQ,27,600,,,Bad
,,,,,,
Old IBM Computer,https://www.youtube.com/watch?v=eSNqzTwHiuU,8,1843,90,,Good
Old Computer Hum,https://www.youtube.com/watch?v=RoLiJwroQl4,0,60,27,,Bad
Old Computer Hum Better,https://www.youtube.com/watch?v=Nwj8nfsk2Hs,6,146,95,,Good
,,,,,,
Constant Loud Typing,https://www.youtube.com/watch?v=j6GwzKfxa6U,0,293,97,,Average
Periodic Typing / Medium room,https://www.youtube.com/watch?v=D8qNfF8wIdI,975,2330,45,,Bad
,,,,,,
,,,,,,
,,,,,,
,,,,,,
Busy Suburban Street in Summer,https://www.youtube.com/watch?v=9X6dxjSt86o,13,85,95,,Bad
Quiet City Street in Summer,https://www.youtube.com/watch?v=fWUmOkeX5QI,32,146,,,Bad
Construction Site,https://www.youtube.com/watch?v=zSmvREud2z8,0,119,70,,Bad
,,,,,,
,,,,,,
Interstate Highway in Summer,https://www.youtube.com/watch?v=_n6kiTDExuE,22,276,,,Bad
,,,,,,
,,,,,,
X-mas Bells / City / Wind,https://www.youtube.com/watch?v=k2hHJ3zhas0,0,40,90,,Excellent
